event_id,event_type,event_version,company_id,aggregate_type,aggregate_id,aggregate_version,actor_type,actor_id,authority_snapshot,policy_decision,correlation_id,causation_id,command_id,idempotency_key,context_refs,payload,payload_schema_version,source_service,created_at
evt_001,company.created,1,company_woz_001,company,company_woz_001,1,human,founder,founder,ALLOW,run_001,,cmd_001,idemp_001,[],"{""name"":""woz-company-001""}",1,woz_manual,2026-08-24T16:33:00+05:30
evt_002,objective.created,1,company_woz_001,objective,obj_001,1,human,founder,founder,ALLOW,run_001,evt_001,cmd_002,idemp_002,[],"{""product"":""internal candidate tracker"",""target_customer"":""founder and two recruiters"",""constraint_flags"":""no_public_site,no_applicant_login""}",1,woz_manual,2026-08-24T16:33:30+05:30
evt_003,organization.changed,1,company_woz_001,organization,org_001,1,human,founder,founder,ALLOW,run_001,evt_002,cmd_003,idemp_003,[],"{""template"":""fixed_mvp_4"",""worker_count"":4}",1,woz_manual,2026-08-24T16:34:00+05:30
evt_004,task.created,1,company_woz_001,task,t_001,1,worker,w_pm,pm_low,ALLOW,run_001,evt_003,cmd_004,idemp_004,[],"{""risk_tier"":""LOW""}",1,woz_manual,2026-08-24T16:34:20+05:30
evt_005,task.created,1,company_woz_001,task,t_002,1,worker,w_pm,pm_low,ALLOW,run_001,evt_003,cmd_005,idemp_005,[],"{""risk_tier"":""LOW""}",1,woz_manual,2026-08-24T16:34:21+05:30
evt_006,task.created,1,company_woz_001,task,t_003,1,worker,w_pm,pm_low,ALLOW,run_001,evt_003,cmd_006,idemp_006,[],"{""risk_tier"":""MEDIUM""}",1,woz_manual,2026-08-24T16:34:22+05:30
evt_007,task.started,1,company_woz_001,task,t_001,1,worker,w_eng_a,eng_low,ALLOW,run_001,evt_004,cmd_007,idemp_007,[],"{""risk_tier"":""LOW""}",1,woz_manual,2026-08-24T16:35:00+05:30
evt_008,action.executed,1,company_woz_001,action,a_001,1,worker,w_eng_a,eng_low,ALLOW,run_001,evt_007,cmd_008,idemp_008,[],"{""action_type"":""write_files"",""target"":""woz/app""}",1,woz_manual,2026-08-24T16:40:00+05:30
evt_009,verification.completed,1,company_woz_001,verification,v_001,1,service,verification,platform,ALLOW,run_001,evt_008,cmd_009,idemp_009,[],"{""verdict"":""VERIFIED"",""method"":""automated_tests"",""checks_passed"":5,""checks_total"":5}",1,woz_manual,2026-08-24T16:40:20+05:30
evt_010,task.verified,1,company_woz_001,task,t_001,1,service,verification,platform,ALLOW,run_001,evt_009,cmd_010,idemp_010,[],"{""status"":""VERIFIED""}",1,woz_manual,2026-08-24T16:40:21+05:30
evt_011,task.verified,1,company_woz_001,task,t_002,1,service,verification,platform,ALLOW,run_001,evt_008,cmd_011,idemp_011,[],"{""verdict"":""VERIFIED"",""method"":""automated_tests""}",1,woz_manual,2026-08-24T16:43:00+05:30
evt_012,decision.created,1,company_woz_001,decision,decision_001,1,worker,w_pm,pm_medium,REQUIRE_APPROVAL,run_001,evt_006,cmd_012,idemp_012,[],"{""risk"":""MEDIUM"",""task_id"":""t_003""}",1,woz_manual,2026-08-24T16:43:10+05:30
evt_013,decision.approved,1,company_woz_001,decision,decision_001,1,human,founder,founder,ALLOW,run_001,evt_012,cmd_013,idemp_013,[],"{""outcome_label"":""approved_edited"",""risk"":""MEDIUM""}",1,woz_manual,2026-08-24T16:58:00+05:30
evt_014,verification.completed,1,company_woz_001,verification,v_002,1,service,verification,platform,ALLOW,run_001,evt_013,cmd_014,idemp_014,[],"{""verdict"":""VERIFIED"",""method"":""automated_tests"",""checks_passed"":8,""checks_total"":8}",1,woz_manual,2026-08-24T16:59:00+05:30
evt_015,task.verified,1,company_woz_001,task,t_003,1,service,verification,platform,ALLOW,run_001,evt_014,cmd_015,idemp_015,[],"{""status"":""VERIFIED""}",1,woz_manual,2026-08-24T16:59:01+05:30
