event_id,event_type,event_version,company_id,aggregate_type,aggregate_id,aggregate_version,actor_type,actor_id,authority_snapshot,policy_decision,correlation_id,causation_id,command_id,idempotency_key,context_refs,payload,payload_schema_version,source_service,created_at
evt_001,run.started,1,company_woz_001,run,run_002,1,service,orchestrator,platform,ALLOW,run_002,,cmd_001,idemp_001,,"{""voids"":""run_001"",""keeps"":[""obj_001"",""decision_001""]}",1,woz_run_002,2026-08-25T20:06:14+05:30
evt_002,company.created,1,company_woz_001,company,company_woz_001,1,human,founder,founder,ALLOW,run_002,evt_001,cmd_002,idemp_002,,"{""name"":""woz-company-001"",""inherited"":true}",1,woz_run_002,2026-08-25T20:06:51+05:30
evt_003,objective.created,1,company_woz_001,objective,obj_001,1,human,founder,founder,ALLOW,run_002,evt_002,cmd_003,idemp_003,,"{""product"":""internal candidate tracker"",""constraint_flags"":""no_public_site,no_applicant_login"",""inherited"":true}",1,woz_run_002,2026-08-25T20:07:28+05:30
evt_004,protocol.sent,1,company_woz_001,protocol,objective,1,service,orchestrator,low,ALLOW,run_002,evt_003,cmd_004,idemp_004,,"{""from"":""orchestrator"",""to"":""cto"",""file"":""objective.json""}",1,woz_run_002,2026-08-25T20:08:42+05:30
evt_005,organization.changed,1,company_woz_001,organization,org_001,1,worker,w_cto,cto,ALLOW,run_002,evt_004,cmd_005,idemp_005,,"{""template"":""fixed_mvp_4"",""worker_count"":4}",1,woz_run_002,2026-08-25T20:09:19+05:30
evt_006,protocol.sent,1,company_woz_001,protocol,organization,1,worker,w_cto,low,ALLOW,run_002,evt_005,cmd_006,idemp_006,,"{""from"":""cto"",""to"":""pm"",""file"":""organization.json""}",1,woz_run_002,2026-08-25T20:10:33+05:30
evt_007,protocol.sent,1,company_woz_001,protocol,objective,1,service,orchestrator,low,ALLOW,run_002,evt_006,cmd_007,idemp_007,,"{""from"":""orchestrator"",""to"":""pm"",""file"":""objective.json""}",1,woz_run_002,2026-08-25T20:11:47+05:30
evt_008,task.created,1,company_woz_001,task,t_001,1,worker,w_pm,pm_low,ALLOW,run_002,evt_007,cmd_008,idemp_008,,"{""risk_tier"":""LOW"",""owner_worker_id"":""w_eng_a""}",1,woz_run_002,2026-08-25T20:12:24+05:30
evt_009,task.created,1,company_woz_001,task,t_002,1,worker,w_pm,pm_low,ALLOW,run_002,evt_008,cmd_009,idemp_009,,"{""risk_tier"":""LOW"",""owner_worker_id"":""w_eng_b""}",1,woz_run_002,2026-08-25T20:13:01+05:30
evt_010,task.created,1,company_woz_001,task,t_003,1,worker,w_pm,pm_low,ALLOW,run_002,evt_009,cmd_010,idemp_010,,"{""risk_tier"":""MEDIUM"",""owner_worker_id"":""w_pm""}",1,woz_run_002,2026-08-25T20:13:38+05:30
evt_011,protocol.sent,1,company_woz_001,protocol,handoff,1,worker,w_pm,low,ALLOW,run_002,evt_010,cmd_011,idemp_011,,"{""from"":""pm"",""to"":""eng_a"",""file"":""handoff.json""}",1,woz_run_002,2026-08-25T20:14:52+05:30
evt_012,task.started,1,company_woz_001,task,t_001,1,worker,w_eng_a,eng_low,ALLOW,run_002,evt_011,cmd_012,idemp_012,,"{""risk_tier"":""LOW""}",1,woz_run_002,2026-08-25T20:15:29+05:30
evt_013,action.executed,1,company_woz_001,action,a_001,1,worker,w_eng_a,eng_low,ALLOW,run_002,evt_012,cmd_013,idemp_013,,"{""action_type"":""write_files"",""task_id"":""t_001""}",1,woz_run_002,2026-08-25T20:16:06+05:30
evt_014,verification.completed,1,company_woz_001,verification,v_001,1,service,verification,platform,ALLOW,run_002,evt_013,cmd_014,idemp_014,,"{""verdict"":""VERIFIED"",""method"":""automated_tests"",""task_id"":""t_001""}",1,woz_run_002,2026-08-25T20:16:43+05:30
evt_015,task.verified,1,company_woz_001,task,t_001,1,service,verification,platform,ALLOW,run_002,evt_014,cmd_015,idemp_015,,"{""status"":""VERIFIED""}",1,woz_run_002,2026-08-25T20:17:20+05:30
evt_016,decision.created,1,company_woz_001,decision,decision_001,1,worker,w_pm,pm_medium,REQUIRE_APPROVAL,run_002,evt_015,cmd_016,idemp_016,,"{""risk"":""MEDIUM"",""task_id"":""t_003"",""draft"":""elapsed_time_as_stuck""}",1,woz_run_002,2026-08-25T20:17:57+05:30
evt_017,protocol.sent,1,company_woz_001,protocol,approval_decision_001,1,worker,w_pm,low,ALLOW,run_002,evt_016,cmd_017,idemp_017,,"{""from"":""pm"",""to"":""orchestrator"",""file"":""approval_decision_001.json""}",1,woz_run_002,2026-08-25T20:19:11+05:30
evt_018,decision.approved,1,company_woz_001,decision,decision_001,2,human,founder,founder,ALLOW,run_002,evt_017,cmd_018,idemp_018,,"{""outcome_label"":""approved_edited"",""risk"":""MEDIUM""}",1,woz_run_002,2026-08-25T20:19:48+05:30
evt_019,protocol.sent,1,company_woz_001,protocol,handoff,1,worker,w_eng_a,low,ALLOW,run_002,evt_018,cmd_019,idemp_019,,"{""from"":""eng_a"",""to"":""eng_b"",""file"":""handoff.json""}",1,woz_run_002,2026-08-25T20:21:02+05:30
evt_020,task.started,1,company_woz_001,task,t_002,1,worker,w_eng_b,eng_low,ALLOW,run_002,evt_019,cmd_020,idemp_020,,"{""risk_tier"":""LOW"",""copied_artifacts"":[""store.py"",""test_store.py""]}",1,woz_run_002,2026-08-25T20:21:39+05:30
evt_021,protocol.sent,1,company_woz_001,protocol,blocker,1,worker,w_eng_b,low,ALLOW,run_002,evt_020,cmd_021,idemp_021,,"{""from"":""eng_b"",""to"":""pm"",""file"":""blocker.json""}",1,woz_run_002,2026-08-25T20:22:53+05:30
evt_022,protocol.sent,1,company_woz_001,protocol,handoff_stages,1,worker,w_pm,low,ALLOW,run_002,evt_021,cmd_022,idemp_022,,"{""from"":""pm"",""to"":""eng_b"",""file"":""handoff_stages.json""}",1,woz_run_002,2026-08-25T20:24:07+05:30
evt_023,action.executed,1,company_woz_001,action,a_002,1,worker,w_eng_b,eng_low,ALLOW,run_002,evt_022,cmd_023,idemp_023,,"{""action_type"":""write_files"",""task_id"":""t_002""}",1,woz_run_002,2026-08-25T20:24:44+05:30
evt_024,verification.completed,1,company_woz_001,verification,v_002,1,service,verification,platform,ALLOW,run_002,evt_023,cmd_024,idemp_024,,"{""verdict"":""VERIFIED"",""method"":""automated_tests"",""task_id"":""t_002""}",1,woz_run_002,2026-08-25T20:25:21+05:30
evt_025,task.verified,1,company_woz_001,task,t_002,1,service,verification,platform,ALLOW,run_002,evt_024,cmd_025,idemp_025,,"{""status"":""VERIFIED""}",1,woz_run_002,2026-08-25T20:25:58+05:30
evt_026,verification.started,1,company_woz_001,verification,v_day6,1,service,verification,platform,ALLOW,run_002,evt_025,cmd_026,idemp_026,,"{""method"":""held_t002_tests"",""seeded"":5,""includes_non_code"":true}",1,woz_run_002,2026-08-25T20:26:35+05:30
evt_027,verification.completed,1,company_woz_001,verification,v_day6,1,service,verification,platform,ALLOW,run_002,evt_026,cmd_027,idemp_027,,"{""verdict"":""FAILED"",""method"":""held_t002_tests"",""caught"":2,""seeded"":5,""catch_rate"":0.4}",1,woz_run_002,2026-08-25T20:27:12+05:30
evt_028,budget.threshold_reached,1,company_woz_001,company,company_woz_001,50,service,budget,platform,ALLOW,run_002,evt_027,cmd_028,idemp_028,,"{""threshold"":50,""spent"":55,""cap"":100,""unit"":""work_units""}",1,woz_run_002,2026-08-25T20:27:49+05:30
evt_029,budget.threshold_reached,1,company_woz_001,company,company_woz_001,80,service,budget,platform,ALLOW,run_002,evt_028,cmd_029,idemp_029,,"{""threshold"":80,""spent"":85,""cap"":100,""unit"":""work_units""}",1,woz_run_002,2026-08-25T20:28:26+05:30
evt_030,budget.threshold_reached,1,company_woz_001,company,company_woz_001,95,service,budget,platform,ALLOW,run_002,evt_029,cmd_030,idemp_030,,"{""threshold"":95,""spent"":97,""cap"":100,""unit"":""work_units""}",1,woz_run_002,2026-08-25T20:29:03+05:30
evt_031,budget.threshold_reached,1,company_woz_001,company,company_woz_001,100,service,budget,platform,DENY,run_002,evt_030,cmd_031,idemp_031,,"{""threshold"":100,""spent"":100,""cap"":100,""unit"":""work_units""}",1,woz_run_002,2026-08-25T20:29:40+05:30
evt_032,task.paused,1,company_woz_001,task,t_003,1,service,budget,platform,DENY,run_002,evt_031,cmd_032,idemp_032,,"{""reason"":""company_cap"",""task_id"":""t_003""}",1,woz_run_002,2026-08-25T20:30:17+05:30
evt_033,decision.created,1,company_woz_001,decision,decision_002,1,worker,w_eng_b,eng_low,REQUIRE_APPROVAL,run_002,evt_032,cmd_033,idemp_033,,"{""risk"":""HIGH"",""action"":""external_message"",""stopped"":true}",1,woz_run_002,2026-08-25T20:30:54+05:30
evt_034,decision.rejected,1,company_woz_001,decision,decision_002,1,human,founder,founder,DENY,run_002,evt_033,cmd_034,idemp_034,,"{""outcome_label"":""rejected"",""risk"":""HIGH"",""action"":""external_message""}",1,woz_run_002,2026-08-25T20:32:08+05:30
evt_035,export.completed,1,company_woz_001,run,run_002,1,service,orchestrator,platform,ALLOW,run_002,evt_034,cmd_035,idemp_035,,"{""zip"":""Cynqra_Run_002_Export.zip"",""replay_task"":""t_002""}",1,woz_run_002,2026-08-25T20:32:45+05:30
evt_036,run.closed,1,company_woz_001,run,run_002,1,service,orchestrator,platform,DENY,run_002,evt_035,cmd_036,idemp_036,,"{""verdict"":""NO-GO"",""m2"":""does_not_start"",""catch_rate"":0.4}",1,woz_run_002,2026-08-25T20:33:59+05:30
